[
    {
        "idx": "1",
        "year": "2",
        "sem": "1",
        "course": "중국고대문학사",
        "credit": "3",
        "req": "N",
        "source_file": "전북대학교_중어중문학과.xlsx"
    },
    {
        "idx": "2",
        "year": "2",
        "sem": "1",
        "course": "중국고사성어선독",
        "credit": "3",
        "req": "N",
        "source_file": "전북대학교_중어중문학과.xlsx"
    },
    {
        "idx": "3",
        "year": "2",
        "sem": "1",
        "course": "중국어학의이해",
        "credit": "3",
        "req": "N",
        "source_file": "전북대학교_중어중문학과.xlsx"
    },
    {
        "idx": "4",
        "year": "2",
        "sem": "1",
        "course": "중국현대사회의이해",
        "credit": "3",
        "req": "N",
        "source_file": "전북대학교_중어중문학과.xlsx"
    },
    {
        "idx": "5",
        "year": "2",
        "sem": "1",
        "course": "중급중국어1",
        "credit": "3",
        "req": "N",
        "source_file": "전북대학교_중어중문학과.xlsx"
    },
    {
        "idx": "6",
        "year": "2",
        "sem": "1",
        "course": "중급중국어회화",
        "credit": "3",
        "req": "N",
        "source_file": "전북대학교_중어중문학과.xlsx"
    },
    {
        "idx": "7",
        "year": "3",
        "sem": "1",
        "course": "고급중국어1",
        "credit": "3",
        "req": "N",
        "source_file": "전북대학교_중어중문학과.xlsx"
    },
    {
        "idx": "8",
        "year": "3",
        "sem": "1",
        "course": "고급중국어회화",
        "credit": "3",
        "req": "N",
        "source_file": "전북대학교_중어중문학과.xlsx"
    },
    {
        "idx": "9",
        "year": "3",
        "sem": "1",
        "course": "중국근세문학사",
        "credit": "3",
        "req": "N",
        "source_file": "전북대학교_중어중문학과.xlsx"
    },
    {
        "idx": "10",
        "year": "3",
        "sem": "1",
        "course": "중국도시와인간",
        "credit": "3",
        "req": "N",
        "source_file": "전북대학교_중어중문학과.xlsx"
    },
    {
        "idx": "11",
        "year": "3",
        "sem": "1",
        "course": "중국어교육론",
        "credit": "3",
        "req": "N",
        "source_file": "전북대학교_중어중문학과.xlsx"
    },
    {
        "idx": "12",
        "year": "3",
        "sem": "1",
        "course": "중국현대소설과영화",
        "credit": "3",
        "req": "N",
        "source_file": "전북대학교_중어중문학과.xlsx"
    },
    {
        "idx": "13",
        "year": "4",
        "sem": "1",
        "course": "비즈니스중국어",
        "credit": "3",
        "req": "N",
        "source_file": "전북대학교_중어중문학과.xlsx"
    },
    {
        "idx": "14",
        "year": "4",
        "sem": "1",
        "course": "시경과초사감상",
        "credit": "3",
        "req": "N",
        "source_file": "전북대학교_중어중문학과.xlsx"
    },
    {
        "idx": "15",
        "year": "4",
        "sem": "1",
        "course": "중국문화와예술",
        "credit": "3",
        "req": "N",
        "source_file": "전북대학교_중어중문학과.xlsx"
    },
    {
        "idx": "16",
        "year": "4",
        "sem": "1",
        "course": "중국어실용문",
        "credit": "3",
        "req": "N",
        "source_file": "전북대학교_중어중문학과.xlsx"
    },
    {
        "idx": "17",
        "year": "4",
        "sem": "1",
        "course": "중국현대작품감상",
        "credit": "3",
        "req": "N",
        "source_file": "전북대학교_중어중문학과.xlsx"
    },
    {
        "idx": "1",
        "year": "2",
        "sem": "1",
        "course": "데이터엔지니어링기초",
        "credit": "3",
        "req": "N",
        "source_file": "서울시립대학교_통계학과.xlsx"
    },
    {
        "idx": "2",
        "year": "3~4",
        "sem": "1",
        "course": "회귀분석I",
        "credit": "3",
        "req": "Y",
        "source_file": "서울시립대학교_통계학과.xlsx"
    },
    {
        "idx": "3",
        "year": "3~4",
        "sem": "1",
        "course": "딥러닝",
        "credit": "3",
        "req": "N",
        "source_file": "서울시립대학교_통계학과.xlsx"
    },
    {
        "idx": "4",
        "year": "3~4",
        "sem": "1",
        "course": "실험계획",
        "credit": "3",
        "req": "N",
        "source_file": "서울시립대학교_통계학과.xlsx"
    },
    {
        "idx": "5",
        "year": "3~4",
        "sem": "1",
        "course": "데이터시각화",
        "credit": "3",
        "req": "N",
        "source_file": "서울시립대학교_통계학과.xlsx"
    },
    {
        "idx": "6",
        "year": "1",
        "sem": "1",
        "course": "통계학개론및실습",
        "credit": "3",
        "req": "Y",
        "source_file": "서울시립대학교_통계학과.xlsx"
    },
    {
        "idx": "7",
        "year": "2",
        "sem": "1",
        "course": "행렬과대수 I",
        "credit": "3",
        "req": "N",
        "source_file": "서울시립대학교_통계학과.xlsx"
    },
    {
        "idx": "8",
        "year": "2",
        "sem": "1",
        "course": "기초확률론",
        "credit": "3",
        "req": "Y",
        "source_file": "서울시립대학교_통계학과.xlsx"
    },
    {
        "idx": "9",
        "year": "3~4",
        "sem": "1",
        "course": "이산자료분석",
        "credit": "3",
        "req": "N",
        "source_file": "서울시립대학교_통계학과.xlsx"
    },
    {
        "idx": "10",
        "year": "3~4",
        "sem": "1",
        "course": "수리통계학 II",
        "credit": "3",
        "req": "N",
        "source_file": "서울시립대학교_통계학과.xlsx"
    },
    {
        "idx": "11",
        "year": "3~4",
        "sem": "1",
        "course": "통계조사론",
        "credit": "3",
        "req": "N",
        "source_file": "서울시립대학교_통계학과.xlsx"
    },
    {
        "idx": "12",
        "year": "2",
        "sem": "1",
        "course": "통계수학",
        "credit": "3",
        "req": "N",
        "source_file": "서울시립대학교_통계학과.xlsx"
    },
    {
        "idx": "13",
        "year": "3~4",
        "sem": "1",
        "course": "금융통계",
        "credit": "3",
        "req": "N",
        "source_file": "서울시립대학교_통계학과.xlsx"
    },
    {
        "idx": "14",
        "year": "3~4",
        "sem": "1",
        "course": "데이터베이스",
        "credit": "3",
        "req": "N",
        "source_file": "서울시립대학교_통계학과.xlsx"
    },
    {
        "idx": "15",
        "year": "3~4",
        "sem": "1",
        "course": "언어처리및학습",
        "credit": "3",
        "req": "N",
        "source_file": "서울시립대학교_통계학과.xlsx"
    },
    {
        "idx": "16",
        "year": "3~4",
        "sem": "1",
        "course": "다변량통계학",
        "credit": "3",
        "req": "N",
        "source_file": "서울시립대학교_통계학과.xlsx"
    },
    {
        "idx": "17",
        "year": "3~4",
        "sem": "1",
        "course": "회귀분석II",
        "credit": "3",
        "req": "N",
        "source_file": "서울시립대학교_통계학과.xlsx"
    },
    {
        "idx": "18",
        "year": "3~4",
        "sem": "1",
        "course": "기계학습및실습",
        "credit": "3",
        "req": "N",
        "source_file": "서울시립대학교_통계학과.xlsx"
    },
    {
        "idx": "19",
        "year": "3~4",
        "sem": "1",
        "course": "통계계산",
        "credit": "3",
        "req": "N",
        "source_file": "서울시립대학교_통계학과.xlsx"
    },
    {
        "idx": "20",
        "year": "2",
        "sem": "1",
        "course": "고급통계프로그래밍",
        "credit": "3",
        "req": "N",
        "source_file": "서울시립대학교_통계학과.xlsx"
    },
    {
        "idx": "21",
        "year": "3~4",
        "sem": "1",
        "course": "보험통계학Ⅱ",
        "credit": "3",
        "req": "N",
        "source_file": "서울시립대학교_통계학과.xlsx"
    },
    {
        "idx": "22",
        "year": "3~4",
        "sem": "1",
        "course": "의학통계학",
        "credit": "3",
        "req": "N",
        "source_file": "서울시립대학교_통계학과.xlsx"
    },
    {
        "idx": "23",
        "year": "2",
        "sem": "1",
        "course": "통계자료처리및실습",
        "credit": "3",
        "req": "Y",
        "source_file": "서울시립대학교_통계학과.xlsx"
    },
    {
        "idx": "24",
        "year": "3~4",
        "sem": "1",
        "course": "시계열분석및실습",
        "credit": "3",
        "req": "N",
        "source_file": "서울시립대학교_통계학과.xlsx"
    },
    {
        "idx": "25",
        "year": "1",
        "sem": "1",
        "course": "프로그래밍언어및실습",
        "credit": "3",
        "req": "N",
        "source_file": "서울시립대학교_통계학과.xlsx"
    },
    {
        "idx": "26",
        "year": "3~4",
        "sem": "1",
        "course": "응용확률론",
        "credit": "3",
        "req": "N",
        "source_file": "서울시립대학교_통계학과.xlsx"
    },
    {
        "idx": "27",
        "year": "3~4",
        "sem": "1",
        "course": "수리통계학 I",
        "credit": "3",
        "req": "Y",
        "source_file": "서울시립대학교_통계학과.xlsx"
    },
    {
        "idx": "28",
        "year": "3~4",
        "sem": "1",
        "course": "행렬과대수 II",
        "credit": "3",
        "req": "N",
        "source_file": "서울시립대학교_통계학과.xlsx"
    },
    {
        "idx": "29",
        "year": "3~4",
        "sem": "1",
        "course": "베이지안통계학",
        "credit": "3",
        "req": "N",
        "source_file": "서울시립대학교_통계학과.xlsx"
    },
    {
        "idx": "1",
        "year": "1",
        "sem": "1",
        "course": "C 프로그래밍",
        "credit": "3",
        "req": "N",
        "source_file": "서울시립대학교_전자전기컴퓨터공학부.xlsx"
    },
    {
        "idx": "2",
        "year": "1",
        "sem": "1",
        "course": "학업설계상담I",
        "credit": "0",
        "req": "Y",
        "source_file": "서울시립대학교_전자전기컴퓨터공학부.xlsx"
    },
    {
        "idx": "3",
        "year": "1",
        "sem": "1",
        "course": "디지털논리설계",
        "credit": "3",
        "req": "N",
        "source_file": "서울시립대학교_전자전기컴퓨터공학부.xlsx"
    },
    {
        "idx": "4",
        "year": "1",
        "sem": "1",
        "course": "선형대수학",
        "credit": "3",
        "req": "N",
        "source_file": "서울시립대학교_전자전기컴퓨터공학부.xlsx"
    },
    {
        "idx": "5",
        "year": "2",
        "sem": "1",
        "course": "전기회로",
        "credit": "3",
        "req": "Y",
        "source_file": "서울시립대학교_전자전기컴퓨터공학부.xlsx"
    },
    {
        "idx": "6",
        "year": "2",
        "sem": "1",
        "course": "공학수학",
        "credit": "3",
        "req": "Y",
        "source_file": "서울시립대학교_전자전기컴퓨터공학부.xlsx"
    },
    {
        "idx": "7",
        "year": "2",
        "sem": "1",
        "course": "전자전기컴퓨터설계실험",
        "credit": "2",
        "req": "Y",
        "source_file": "서울시립대학교_전자전기컴퓨터공학부.xlsx"
    },
    {
        "idx": "8",
        "year": "2",
        "sem": "1",
        "course": "이산수학",
        "credit": "3",
        "req": "N",
        "source_file": "서울시립대학교_전자전기컴퓨터공학부.xlsx"
    },
    {
        "idx": "9",
        "year": "2",
        "sem": "1",
        "course": "객체지향프로그래밍",
        "credit": "3",
        "req": "N",
        "source_file": "서울시립대학교_전자전기컴퓨터공학부.xlsx"
    },
    {
        "idx": "10",
        "year": "2",
        "sem": "1",
        "course": "마이크로프로세서",
        "credit": "3",
        "req": "N",
        "source_file": "서울시립대학교_전자전기컴퓨터공학부.xlsx"
    },
    {
        "idx": "11",
        "year": "2",
        "sem": "1",
        "course": "전자장I",
        "credit": "3",
        "req": "Y",
        "source_file": "서울시립대학교_전자전기컴퓨터공학부.xlsx"
    },
    {
        "idx": "12",
        "year": "2",
        "sem": "1",
        "course": "고체전자물리",
        "credit": "3",
        "req": "N",
        "source_file": "서울시립대학교_전자전기컴퓨터공학부.xlsx"
    },
    {
        "idx": "13",
        "year": "3",
        "sem": "1",
        "course": "전자회로I",
        "credit": "3",
        "req": "Y",
        "source_file": "서울시립대학교_전자전기컴퓨터공학부.xlsx"
    },
    {
        "idx": "14",
        "year": "3",
        "sem": "1",
        "course": "전자장II",
        "credit": "3",
        "req": "N",
        "source_file": "서울시립대학교_전자전기컴퓨터공학부.xlsx"
    },
    {
        "idx": "15",
        "year": "3",
        "sem": "1",
        "course": "반도체소자",
        "credit": "3",
        "req": "N",
        "source_file": "서울시립대학교_전자전기컴퓨터공학부.xlsx"
    },
    {
        "idx": "16",
        "year": "3",
        "sem": "1",
        "course": "신호및시스템",
        "credit": "3",
        "req": "N",
        "source_file": "서울시립대학교_전자전기컴퓨터공학부.xlsx"
    },
    {
        "idx": "17",
        "year": "3",
        "sem": "1",
        "course": "운영체제",
        "credit": "3",
        "req": "N",
        "source_file": "서울시립대학교_전자전기컴퓨터공학부.xlsx"
    },
    {
        "idx": "18",
        "year": "3",
        "sem": "1",
        "course": "통신공학",
        "credit": "3",
        "req": "N",
        "source_file": "서울시립대학교_전자전기컴퓨터공학부.xlsx"
    },
    {
        "idx": "19",
        "year": "3",
        "sem": "1",
        "course": "자기주도연구",
        "credit": "3",
        "req": "N",
        "source_file": "서울시립대학교_전자전기컴퓨터공학부.xlsx"
    },
    {
        "idx": "20",
        "year": "3",
        "sem": "1",
        "course": "딥러닝기초",
        "credit": "3",
        "req": "N",
        "source_file": "서울시립대학교_전자전기컴퓨터공학부.xlsx"
    },
    {
        "idx": "21",
        "year": "4",
        "sem": "1",
        "course": "전자전기컴퓨터공학종합설계",
        "credit": "3",
        "req": "N",
        "source_file": "서울시립대학교_전자전기컴퓨터공학부.xlsx"
    },
    {
        "idx": "22",
        "year": "4",
        "sem": "1",
        "course": "집적회로설계",
        "credit": "3",
        "req": "N",
        "source_file": "서울시립대학교_전자전기컴퓨터공학부.xlsx"
    },
    {
        "idx": "23",
        "year": "4",
        "sem": "1",
        "course": "광전자공학",
        "credit": "3",
        "req": "N",
        "source_file": "서울시립대학교_전자전기컴퓨터공학부.xlsx"
    },
    {
        "idx": "24",
        "year": "4",
        "sem": "1",
        "course": "융합반도체기술",
        "credit": "3",
        "req": "N",
        "source_file": "서울시립대학교_전자전기컴퓨터공학부.xlsx"
    },
    {
        "idx": "25",
        "year": "4",
        "sem": "1",
        "course": "디지털제어",
        "credit": "3",
        "req": "N",
        "source_file": "서울시립대학교_전자전기컴퓨터공학부.xlsx"
    },
    {
        "idx": "26",
        "year": "4",
        "sem": "1",
        "course": "집적회로설계",
        "credit": "3",
        "req": "N",
        "source_file": "서울시립대학교_전자전기컴퓨터공학부.xlsx"
    },
    {
        "idx": "27",
        "year": "4",
        "sem": "1",
        "course": "통신종합설계",
        "credit": "3",
        "req": "N",
        "source_file": "서울시립대학교_전자전기컴퓨터공학부.xlsx"
    },
    {
        "idx": "28",
        "year": "4",
        "sem": "1",
        "course": "형식언어및컴파일러",
        "credit": "3",
        "req": "N",
        "source_file": "서울시립대학교_전자전기컴퓨터공학부.xlsx"
    },
    {
        "idx": "29",
        "year": "4",
        "sem": "1",
        "course": "전기기기",
        "credit": "3",
        "req": "N",
        "source_file": "서울시립대학교_전자전기컴퓨터공학부.xlsx"
    },
    {
        "idx": "30",
        "year": "4",
        "sem": "1",
        "course": "데이터통신",
        "credit": "3",
        "req": "N",
        "source_file": "서울시립대학교_전자전기컴퓨터공학부.xlsx"
    },
    {
        "idx": "1",
        "year": "2",
        "sem": "1",
        "course": "데이타구조",
        "credit": "3",
        "req": "Y",
        "source_file": "한동대학교_전산전자공학부.xlsx"
    },
    {
        "idx": "2",
        "year": "2",
        "sem": "1",
        "course": "자바프로그래밍언어",
        "credit": "3",
        "req": "N",
        "source_file": "한동대학교_전산전자공학부.xlsx"
    },
    {
        "idx": "3",
        "year": "2",
        "sem": "1",
        "course": "프로그래밍 스튜디오",
        "credit": "2",
        "req": "N",
        "source_file": "한동대학교_전산전자공학부.xlsx"
    },
    {
        "idx": "4",
        "year": "2",
        "sem": "1",
        "course": "논리설계",
        "credit": "3",
        "req": "N",
        "source_file": "한동대학교_전산전자공학부.xlsx"
    },
    {
        "idx": "5",
        "year": "2",
        "sem": "1",
        "course": "기초회로 및 논리실습",
        "credit": "3",
        "req": "N",
        "source_file": "한동대학교_전산전자공학부.xlsx"
    },
    {
        "idx": "6",
        "year": "2",
        "sem": "1",
        "course": "회로이론",
        "credit": "3",
        "req": "N",
        "source_file": "한동대학교_전산전자공학부.xlsx"
    },
    {
        "idx": "7",
        "year": "3",
        "sem": "1",
        "course": "알고리듬분석",
        "credit": "3",
        "req": "Y",
        "source_file": "한동대학교_전산전자공학부.xlsx"
    },
    {
        "idx": "8",
        "year": "3",
        "sem": "1",
        "course": "데이타베이스",
        "credit": "3",
        "req": "Y",
        "source_file": "한동대학교_전산전자공학부.xlsx"
    },
    {
        "idx": "9",
        "year": "3",
        "sem": "1",
        "course": "전자회로 1",
        "credit": "3",
        "req": "N",
        "source_file": "한동대학교_전산전자공학부.xlsx"
    },
    {
        "idx": "10",
        "year": "3",
        "sem": "1",
        "course": "마이크로프로세서응용",
        "credit": "3",
        "req": "N",
        "source_file": "한동대학교_전산전자공학부.xlsx"
    },
    {
        "idx": "11",
        "year": "3",
        "sem": "1",
        "course": "캡스톤디자인1",
        "credit": "2",
        "req": "Y",
        "source_file": "한동대학교_전산전자공학부.xlsx"
    },
    {
        "idx": "12",
        "year": "3",
        "sem": "1",
        "course": "모바일 앱 개발",
        "credit": "3",
        "req": "N",
        "source_file": "한동대학교_전산전자공학부.xlsx"
    },
    {
        "idx": "13",
        "year": "3",
        "sem": "1",
        "course": "객체지향 설계패턴",
        "credit": "3",
        "req": "N",
        "source_file": "한동대학교_전산전자공학부.xlsx"
    },
    {
        "idx": "14",
        "year": "3",
        "sem": "1",
        "course": "운영체제",
        "credit": "3",
        "req": "Y",
        "source_file": "한동대학교_전산전자공학부.xlsx"
    },
    {
        "idx": "15",
        "year": "3",
        "sem": "1",
        "course": "직업과 진로설계(전산전자)",
        "credit": "1",
        "req": "N",
        "source_file": "한동대학교_전산전자공학부.xlsx"
    },
    {
        "idx": "16",
        "year": "4",
        "sem": "1",
        "course": "IoT실습",
        "credit": "3",
        "req": "N",
        "source_file": "한동대학교_전산전자공학부.xlsx"
    },
    {
        "idx": "17",
        "year": "4",
        "sem": "1",
        "course": "캡스톤디자인2",
        "credit": "4",
        "req": "Y",
        "source_file": "한동대학교_전산전자공학부.xlsx"
    },
    {
        "idx": "18",
        "year": "4",
        "sem": "1",
        "course": "특론1",
        "credit": "3",
        "req": "N",
        "source_file": "한동대학교_전산전자공학부.xlsx"
    },
    {
        "idx": "19",
        "year": "4",
        "sem": "1",
        "course": "딥러닝 개론",
        "credit": "2",
        "req": "N",
        "source_file": "한동대학교_전산전자공학부.xlsx"
    },
    {
        "idx": "20",
        "year": "4",
        "sem": "1",
        "course": "Compiler Theory",
        "credit": "3",
        "req": "N",
        "source_file": "한동대학교_전산전자공학부.xlsx"
    },
    {
        "idx": "21",
        "year": "4",
        "sem": "1",
        "course": "Software Engineering",
        "credit": "3",
        "req": "Y",
        "source_file": "한동대학교_전산전자공학부.xlsx"
    }
]